Nome;Data Fab;Data Val;Quant;MDD;;
12011003-CAFE TM SC CLAS CAP ALM 20X250G;09/08/2023;08/08/2024;5.601,00;0,00;;
12011006-CAFE TM SC CLAS CAP ALM 10X500G;30/01/2024;29/01/2025;714,00;10,83;;
12011013-CAFE TM SC PREM VAC 20X250G;10/01/2024;10/07/2025;2.209,00;23,17;;
12011014-CAFE TM SC CLAS VAC 20X250G;15/12/2023;14/06/2025;7,00;734,48;;
12011014-CAFE TM SC CLAS VAC 20X250G;20/12/2023;19/06/2025;421,00;734,48;;
12011014-CAFE TM SC CLAS VAC 20X250G;18/01/2024;18/07/2025;5.460,00;734,48;;
12011014-CAFE TM SC CLAS VAC 20X250G;02/02/2024;02/08/2025;50.400,00;734,48;;
12011014-CAFE TM SC CLAS VAC 20X250G;03/02/2024;03/08/2025;10.320,00;734,48;;
12011017-CAFE TM SC PREM SPACK 20X250G;25/09/2023;24/09/2024;1.324,00;10,45;;
12011020-CAFE TM SC DECAF VAC 20X250G;09/11/2023;09/05/2025;3.360,00;81,54;;
12011020-CAFE TM SC DECAF VAC 20X250G;22/11/2023;22/05/2025;3.360,00;81,54;;
12011020-CAFE TM SC DECAF VAC 20X250G;23/12/2023;22/06/2025;66,00;81,54;;
12011027-CAFE TM SC PREM SPACK 10X500G;12/09/2023;11/09/2024;5.114,00;20,63;;
12011040-CAFE TM SC RES FAM MOG PAUL VAC 20X250G;28/09/2023;28/03/2025;331,00;1,50;;
12011041-CAFE TM SC RES FAM CERR MIN VAC 20X250G;27/07/2023;24/01/2025;9,00;7,00;;
12011042-CAFE TM SC RES FAM SUL M VAC 20X250G;07/09/2023;07/03/2025;935,00;7,67;;
12011043-CAFE TM SC RES FAM ORGANICO VAC 20X250G;24/11/2023;24/05/2025;2.075,00;13,69;;
12011052-CAFE TM SC CLAS BRIL SPACK 10X500G;08/12/2023;07/12/2024;1,00;3.381,70;;
12011052-CAFE TM SC CLAS BRIL SPACK 10X500G;20/01/2024;19/01/2025;1,00;3.381,70;;
12011052-CAFE TM SC CLAS BRIL SPACK 10X500G;21/01/2024;20/01/2025;23.696,00;3.381,70;;
12011052-CAFE TM SC CLAS BRIL SPACK 10X500G;06/02/2024;05/02/2025;29.920,00;3.381,70;;
12011052-CAFE TM SC CLAS BRIL SPACK 10X500G;14/02/2024;13/02/2025;11.440,00;3.381,70;;
12011058-CAFE TM SC RES FAM CERR MIN 4S 20X250G;21/10/2023;20/08/2024;28,00;0,28;;
12011059-CAFE TM SC RES FAM ORGANICO 4S 20X250G;31/08/2023;30/06/2024;387,00;0,60;;
12011060-CAFE TM SC RES FAM SUL M 4S 20X250G;09/01/2024;08/11/2024;1,00;0,42;;
12011061-CAFE TM SC RES FAM MOG PAUL 4S 20X250G;09/10/2023;08/08/2024;1.120,00;0,00;;
12011061-CAFE TM SC RES FAM MOG PAUL 4S 20X250G;24/11/2023;23/09/2024;60,00;0,00;;
12011063-CAFE TM SC CLAS VAC 20X500G;20/10/2023;19/04/2025;629,00;118,10;;
12011063-CAFE TM SC CLAS VAC 20X500G;13/12/2023;12/06/2025;1.620,00;118,10;;
12011063-CAFE TM SC CLAS VAC 20X500G;17/01/2024;17/07/2025;1.620,00;118,10;;
12011064-CAFE TM SC PREM VAC 20X500G;20/10/2023;19/04/2025;550,00;71,40;;
12011064-CAFE TM SC PREM VAC 20X500G;08/02/2024;08/08/2025;16.200,00;71,40;;
12011067-CAFE DRIP SC CLAS 12X10X10G;14/07/2023;11/01/2025;3.580,00;0,49;;
12011068-CAFE TM SC EF VAC 20X250G;21/12/2023;20/06/2025;4.975,00;162,06;;
12011068-CAFE TM SC EF VAC 20X250G;24/01/2024;24/07/2025;2.240,00;162,06;;
12011068-CAFE TM SC EF VAC 20X250G;31/01/2024;31/07/2025;20,00;162,06;;
12011068-CAFE TM SC EF VAC 20X250G;06/02/2024;06/08/2025;16.800,00;162,06;;
12011073-CAFE TM SC GOUR CHAP DIAM 4S 20X250G;22/09/2023;22/07/2024;96,00;0,37;;
12011074-CAFE TM SC GOUR REG VULCAN 4S 20X250G;21/09/2023;21/07/2024;386,00;2,02;;
12011076-CAFE TM SC CLAS SPAC 20X250G;19/12/2023;18/12/2024;6.883,00;236,97;;
12011076-CAFE TM SC CLAS SPAC 20X250G;24/01/2024;23/01/2025;32,00;236,97;;
12011076-CAFE TM SC CLAS SPAC 20X250G;04/02/2024;03/02/2025;12.600,00;236,97;;
12011077-CAFE TM SC EF SPAC 20X250G;26/10/2023;25/10/2024;802,00;23,38;;
12011077-CAFE TM SC EF SPAC 20X250G;03/12/2023;02/12/2024;2.800,00;23,38;;
12011078-CAFE TM SC EF ALM 50X100G;24/07/2023;23/07/2024;200,00;0,00;;
12011078-CAFE TM SC EF ALM 50X100G;15/01/2024;14/01/2025;550,00;0,00;;
12011079-CAFE TM SC EF SPAC 10X500G;11/11/2023;10/11/2024;5.214,00;763,55;;
12011079-CAFE TM SC EF SPAC 10X500G;19/12/2023;18/12/2024;12.870,00;763,55;;
12011079-CAFE TM SC EF SPAC 10X500G;19/01/2024;18/01/2025;6.160,00;763,55;;
12012015-CAFE SOL SC RES FAM LIOF VD 24X100G;26/07/2023;25/07/2026;1.636,00;0,66;;
12012016-CAFE SOL SC CLAS VD ASTEC 24X100G;04/11/2023;03/11/2026;5,00;20,28;;
12012016-CAFE SOL SC CLAS VD ASTEC 24X100G;25/01/2024;24/01/2027;6.720,00;20,28;;
12012017-CAFE SOL SC CLAS VD ASTEC 12X200G;29/07/2023;28/07/2026;342,00;3,86;;
12012018-CAFE SOL SC GRAN CLAS VD ASTEC 24X50G;16/11/2023;15/11/2026;2.081,00;10,76;;
12012018-CAFE SOL SC GRAN CLAS VD ASTEC 24X50G;23/01/2024;22/01/2027;2.496,00;10,76;;
12012019-CAFE SOL SC GRAN DECAF VD ASTEC 24X50G;09/11/2023;08/11/2026;1.285,00;3,14;;
12012021-CAFE SOL SC GRAN EF REF 24X40G;17/08/2023;16/08/2025;2.541,00;4,54;;
12012021-CAFE SOL SC GRAN EF REF 24X40G;08/02/2024;07/02/2026;7.272,00;4,54;;
12012023-CAFE SOL SC GRAN CLAS VID AST 12X50G;06/01/2024;21/12/2026;286,00;0,00;;
12012026-CAFE SOL SC RES FAM LIOF VID 6X100G;10/11/2023;25/10/2026;12,00;0,00;;
12012501-CAFE SOL SC GRAN CLAS REF 24X50G;18/10/2023;17/10/2025;3.746,00;52,95;;
12012501-CAFE SOL SC GRAN CLAS REF 24X50G;11/11/2023;10/11/2025;11.856,00;52,95;;
12012501-CAFE SOL SC GRAN CLAS REF 24X50G;01/02/2024;31/01/2026;5.928,00;52,95;;
12012501-CAFE SOL SC GRAN CLAS REF 24X50G;02/02/2024;01/02/2026;35.856,00;52,95;;
12012502-CAFE SOL SC GRAN DECAF REF 24X50G;09/11/2023;08/11/2025;3.134,00;14,83;;
12012502-CAFE SOL SC GRAN DECAF REF 24X50G;04/12/2023;03/12/2025;3.648,00;14,83;;
12012502-CAFE SOL SC GRAN DECAF REF 24X50G;05/02/2024;04/02/2026;10.944,00;14,83;;
12012504-CAFE SOL SC RES FAM LIOF REF 24X50G;12/10/2023;11/10/2025;4.488,00;4,44;;
12012504-CAFE SOL SC RES FAM LIOF REF 24X50G;13/10/2023;12/10/2025;3.582,00;4,44;;
12012507-CAFE SOL GRAN SC DECAF REF 12X5;14/10/2023;03/10/2025;608,00;0,00;;
12012508-CAFE SOL SC GRAN EF REF 12X40G;29/09/2023;28/09/2025;79,00;0,00;;
12012509-CAFE SOL SC RES FAM LIOF REF 12X50G;14/10/2023;13/10/2025;24,00;0,00;;
12012510-CAFE SOL SC GRAN CLAS REF 24X40G;23/12/2023;22/12/2025;3.648,00;0,00;;
12012510-CAFE SOL SC GRAN CLAS REF 24X40G;27/12/2023;26/12/2025;10.944,00;0,00;;
12014001-CAFE CAPP SC CLAS PT 24X200G;19/01/2024;18/01/2025;3,00;212,63;;
12014001-CAFE CAPP SC CLAS PT 24X200G;26/01/2024;25/01/2025;504,00;212,63;;
12014001-CAFE CAPP SC CLAS PT 24X200G;08/02/2024;07/02/2025;8.160,00;212,63;;
12014004-CAFE CAPP SC REF 24X100G;13/08/2023;12/08/2024;5,00;5,59;;
12014004-CAFE CAPP SC REF 24X100G;18/10/2023;17/10/2024;192,00;5,59;;
12014005-KIT CAFE CAPP SC CLAS PT 2X200G;30/10/2023;29/10/2024;810,00;2,40;;
12014009-CAFE CAPP SC CLAS POTE 6X200G;01/09/2023;31/08/2024;2,00;0,00;;
12014009-CAFE CAPP SC CLAS POTE 6X200G;13/01/2024;12/01/2025;974,00;0,00;;
12014010-CAFE CAPP SC REF 12X100G;09/12/2023;08/12/2024;348,00;0,00;;
12015008-CHOCOLATE QUENTE 3C VENDING 5S 5X1,1KG;08/11/2023;07/11/2024;136,00;37,58;;
12015008-CHOCOLATE QUENTE 3C VENDING 5S 5X1,1KG;07/12/2023;06/12/2024;510,00;37,58;;
12015008-CHOCOLATE QUENTE 3C VENDING 5S 5X1,1KG;06/02/2024;05/02/2025;1.750,00;37,58;;
12016003-CAFE C/LEIT SC LT 12X300G;13/09/2023;12/09/2024;1.009,00;8,48;;
12016500-AMIDO MILHO KIM 25X200G;07/08/2023;06/08/2025;12,00;145,26;;
12016500-AMIDO MILHO KIM 25X200G;19/12/2023;18/12/2025;6.650,00;145,26;;
12016500-AMIDO MILHO KIM 25X200G;03/02/2024;02/02/2026;3.975,00;145,26;;
12016501-AMIDO MILHO KIM 20X500G;28/09/2023;27/09/2025;6,00;202,65;;
12016501-AMIDO MILHO KIM 20X500G;10/01/2024;09/01/2026;1.700,00;202,65;;
12016501-AMIDO MILHO KIM 20X500G;24/01/2024;23/01/2026;6.720,00;202,65;;
12016656-FLOCAO MILHO D CLARA ALM 30X500G;23/12/2023;23/07/2024;8.388,00;3.375,50;;
12016656-FLOCAO MILHO D CLARA ALM 30X500G;06/01/2024;06/08/2024;29.250,00;3.375,50;;
12016656-FLOCAO MILHO D CLARA ALM 30X500G;08/01/2024;08/08/2024;3.900,00;3.375,50;;
12016656-FLOCAO MILHO D CLARA ALM 30X500G;12/01/2024;12/08/2024;9.750,00;3.375,50;;
12016656-FLOCAO MILHO D CLARA ALM 30X500G;26/01/2024;26/08/2024;29.280,00;3.375,50;;
12016900-MILHO PIPOCA D CLARA ALM 20X500G;19/07/2023;18/03/2024;2.000,00;350,55;;
12016900-MILHO PIPOCA D CLARA ALM 20X500G;23/07/2023;22/03/2024;1.000,00;350,55;;
12016900-MILHO PIPOCA D CLARA ALM 20X500G;14/11/2023;14/07/2024;9,00;350,55;;
12016900-MILHO PIPOCA D CLARA ALM 20X500G;23/01/2024;22/09/2024;120,00;350,55;;
12016900-MILHO PIPOCA D CLARA ALM 20X500G;02/02/2024;02/10/2024;3.180,00;350,55;;
12016901-MILHO PIPOCA KIM PULA PULA ALM 20X500G;12/07/2023;11/03/2024;676,00;3,33;;
12016901-MILHO PIPOCA KIM PULA PULA ALM 20X500G;03/02/2024;03/10/2024;200,00;3,33;;
12017000-CANJICA D CLARA MUGUNZA BR 20X500G;16/11/2023;17/05/2024;1.900,00;2,33;;
12017000-CANJICA D CLARA MUGUNZA BR 20X500G;17/12/2023;17/06/2024;18,00;2,33;;
12017001-CANJICA D CLARA MUGUNZA AM 20X500G;22/09/2023;22/05/2024;1.960,00;2,33;;
12031164-CAFE TG 3C SUL M ESP ST FOOD 10X500G;30/07/2023;29/03/2024;26,00;5,00;;
12017100-TEMPERO D CLARA MISTO C/COMIN 10X10X100G;22/01/2024;21/01/2025;470,00;4,03;;
12017102-TEMPERO D CLARA MISTO S/COMIN 10X10X100G;23/11/2023;22/11/2024;300,00;1,50;;
12017103-TEMPERO D CLARA MISTO C/COMIN 20X500G;29/01/2024;28/01/2025;20,00;0,67;;
12017251-COLORIFICO D CLARA C/SAL 10X10X100G;11/01/2024;10/01/2025;2.290,00;4,37;;
12017253-COLORIFICO D CLARA C/SAL EMB ECN 20X500G;01/02/2024;31/01/2025;200,00;10,67;;
12017416-FILTRO PAP SC 102/30 RED DES 40X30UN;07/11/2023;06/11/2026;808,00;15,92;;
12017417-FILTRO PAP SC 103/30 RED DES 40X30UN;08/11/2023;07/11/2026;1,00;22,95;;
12017417-FILTRO PAP SC 103/30 RED DES 40X30UN;10/11/2023;09/11/2026;11.498,00;22,95;;
12021000-CAFE TM KIM ALM 10X500G;21/07/2023;20/07/2024;40,00;0,00;;
12021007-CAFE TM KIM VAC 20X250G;06/01/2024;06/07/2025;20,00;0,00;;
12021007-CAFE TM KIM VAC 20X250G;31/01/2024;31/07/2025;940,00;0,00;;
12026501-AMIDO MILHO KIM 10X200G;26/01/2024;15/01/2026;2.112,00;0,00;;
12027250-COLORIFICO KIM S/SAL 10X10X100G;22/01/2024;21/01/2025;40,00;0,70;;
12031000-CAFE TM 3C DECAF VAC 20X250G;14/10/2023;13/04/2025;2,00;51,51;;
12031000-CAFE TM 3C DECAF VAC 20X250G;24/10/2023;23/04/2025;2.526,00;51,51;;
12031000-CAFE TM 3C DECAF VAC 20X250G;13/11/2023;13/05/2025;6.720,00;51,51;;
12031000-CAFE TM 3C DECAF VAC 20X250G;14/12/2023;13/06/2025;2.240,00;51,51;;
12031002-CAFE TM 3C EF INT SPACK 20X250G;02/11/2023;01/11/2024;40,00;258,42;;
12031002-CAFE TM 3C EF INT SPACK 20X250G;11/11/2023;10/11/2024;3.240,00;258,42;;
12031002-CAFE TM 3C EF INT SPACK 20X250G;03/12/2023;02/12/2024;12.600,00;258,42;;
12031005-CAFE TM 3C EF VAC 20X250G;05/01/2024;05/07/2025;7,00;240,07;;
12031005-CAFE TM 3C EF VAC 20X250G;15/01/2024;15/07/2025;1.380,00;240,07;;
12031007-CAFE TM 3C EF INT SPACK 10X500G;01/12/2023;30/11/2024;1,00;1.799,67;;
12031007-CAFE TM 3C EF INT SPACK 10X500G;03/12/2023;02/12/2024;6,00;1.799,67;;
12031007-CAFE TM 3C EF INT SPACK 10X500G;04/12/2023;03/12/2024;880,00;1.799,67;;
12031007-CAFE TM 3C EF INT SPACK 10X500G;26/01/2024;25/01/2025;245,00;1.799,67;;
12031007-CAFE TM 3C EF INT SPACK 10X500G;08/02/2024;07/02/2025;880,00;1.799,67;;
12031013-CAFE TG 3C GOURM FOOD 5X1KG;04/12/2023;03/08/2024;782,00;44,60;;
12031014-CAFE TM 3C FORT SPACK 20X250G;15/09/2023;14/09/2024;3,00;166,20;;
12031014-CAFE TM 3C FORT SPACK 20X250G;06/02/2024;05/02/2025;5.096,00;166,20;;
12031015-CAFE TM 3C FORT SPACK 10X500G;12/11/2023;11/11/2024;900,00;762,97;;
12031015-CAFE TM 3C FORT SPACK 10X500G;17/11/2023;16/11/2024;6.300,00;762,97;;
12031015-CAFE TM 3C FORT SPACK 10X500G;07/12/2023;06/12/2024;80,00;762,97;;
12031015-CAFE TM 3C FORT SPACK 10X500G;24/01/2024;23/01/2025;880,00;762,97;;
12031015-CAFE TM 3C FORT SPACK 10X500G;27/01/2024;26/01/2025;8.424,00;762,97;;
12031015-CAFE TM 3C FORT SPACK 10X500G;07/02/2024;06/02/2025;4,00;762,97;;
12031016-CAFE TM 3C GOURM VAC 20X250G;28/11/2023;28/05/2025;348,00;8,85;;
12031016-CAFE TM 3C GOURM VAC 20X250G;20/12/2023;19/06/2025;180,00;8,85;;
12031019-CAFE TM 3C RIT ORGANICO VAC 20X250G;15/09/2023;15/03/2025;169,00;1,83;;
12031023-CAFE TM 3C TRAD VAC 20X250G;29/11/2023;29/05/2025;780,00;295,19;;
12031023-CAFE TM 3C TRAD VAC 20X250G;03/01/2024;03/07/2025;5,00;295,19;;
12031024-CAFE TM 3C TRAD INT SPACK 20X250G;16/12/2023;15/12/2024;12.933,00;271,98;;
12031025-CAFE TM 3C TRAD INT SPACK 10X500G;06/01/2024;05/01/2025;40,00;1.880,38;;
12031025-CAFE TM 3C TRAD INT SPACK 10X500G;13/01/2024;12/01/2025;50,00;1.880,38;;
12031025-CAFE TM 3C TRAD INT SPACK 10X500G;14/01/2024;13/01/2025;3,00;1.880,38;;
12031025-CAFE TM 3C TRAD INT SPACK 10X500G;07/02/2024;06/02/2025;25.740,00;1.880,38;;
12031097-CAFE TG 3C MOG PAUL FOOD 10X500G;11/10/2023;10/06/2024;7,00;1,67;;
12031097-CAFE TG 3C MOG PAUL FOOD 10X500G;24/01/2024;23/09/2024;20,00;1,67;;
12031098-CAFE TG 3C SUL M FOOD 10X500G;02/12/2023;01/08/2024;40,00;0,00;;
12031099-CAFE TG 3C CERR MIN FOOD 10X500G;08/09/2023;08/05/2024;25,00;0,00;;
12031104-CAFE TM 3C ESTR REAL PREM VAC 20X250G;25/10/2023;24/04/2025;1.411,00;25,00;;
12031104-CAFE TM 3C ESTR REAL PREM VAC 20X250G;06/02/2024;06/08/2025;1.660,00;25,00;;
12031127-CAFE TM 3C ESTR REAL PREM 5S 10X500G;30/12/2023;29/12/2024;2,00;127,25;;
12031127-CAFE TM 3C ESTR REAL PREM 5S 10X500G;31/12/2023;30/12/2024;40,00;127,25;;
12031127-CAFE TM 3C ESTR REAL PREM 5S 10X500G;23/01/2024;22/01/2025;1.850,00;127,25;;
12031127-CAFE TM 3C ESTR REAL PREM 5S 10X500G;14/02/2024;13/02/2025;3.520,00;127,25;;
12031141-CAFE TM 3C RITUAIS CERR MIN 4S 20X250G;14/06/2023;13/04/2024;16,00;19,17;;
12031141-CAFE TM 3C RITUAIS CERR MIN 4S 20X250G;12/02/2024;12/12/2024;1.120,00;19,17;;
12031142-CAFE TM 3C RITUAIS MOG PAUL 4S 20X250G;24/11/2023;23/09/2024;207,00;12,58;;
12031142-CAFE TM 3C RITUAIS MOG PAUL 4S 20X250G;09/12/2023;08/10/2024;1.120,00;12,58;;
12031143-CAFE TM 3C RITUAIS ORGANICO 4S 20X250G;10/11/2023;09/09/2024;380,00;20,83;;
12031143-CAFE TM 3C RITUAIS ORGANICO 4S 20X250G;11/11/2023;10/09/2024;609,00;20,83;;
12031144-CAFE TM 3C RITUAIS SUL M 4S 20X250G;07/02/2024;07/12/2024;960,00;13,50;;
12031144-CAFE TM 3C RITUAIS SUL M 4S 20X250G;16/08/2023;15/06/2024;50,00;13,50;;
12031147-KIT CAFE TM 3C EF VAC 30X500G + 1RL FILT;05/01/2024;05/07/2025;7,00;38,00;;
12031147-KIT CAFE TM 3C EF VAC 30X500G + 1RL FILT;16/01/2024;16/07/2025;20,00;38,00;;
12031149-CAFE TM FRANS SPACK 20X250G;23/06/2023;22/04/2024;19,00;1,84;;
12031149-CAFE TM FRANS SPACK 20X250G;07/02/2024;07/12/2024;700,00;1,84;;
12031150-CAFE TG 3C RITUAIS ORGANICO 4S 20X250G;25/10/2023;24/06/2024;678,00;5,33;;
12031151-CAFE TG 3C RITUAIS CERR MIN 4S 20X250G;13/07/2023;12/03/2024;8,00;10,60;;
12031151-CAFE TG 3C RITUAIS CERR MIN 4S 20X250G;13/11/2023;13/07/2024;1.040,00;10,60;;
12031152-CAFE TG 3C RITUAIS MOG PAUL 4S 20X250G;27/06/2023;25/02/2024;19,00;9,17;;
12031152-CAFE TG 3C RITUAIS MOG PAUL 4S 20X250G;28/07/2023;27/03/2024;19,00;9,17;;
12031152-CAFE TG 3C RITUAIS MOG PAUL 4S 20X250G;19/09/2023;19/05/2024;20,00;9,17;;
12031152-CAFE TG 3C RITUAIS MOG PAUL 4S 20X250G;13/11/2023;13/07/2024;800,00;9,17;;
12031155-CAFE TG 3C ESPR GOURM PROF FOOD 5X1KG;05/11/2023;05/07/2024;75,00;16,67;;
12031155-CAFE TG 3C ESPR GOURM PROF FOOD 5X1KG;24/11/2023;24/07/2024;360,00;16,67;;
12031164-CAFE TG 3C SUL M ESP ST FOOD 10X500G;14/12/2023;13/08/2024;190,00;5,00;;
12031213-CAFE TM 3C EF VAC 20X500G;25/11/2023;25/05/2025;45,00;889,75;;
12031213-CAFE TM 3C EF VAC 20X500G;06/01/2024;06/07/2025;4.560,00;889,75;;
12031213-CAFE TM 3C EF VAC 20X500G;19/01/2024;19/07/2025;4.940,00;889,75;;
12031213-CAFE TM 3C EF VAC 20X500G;01/02/2024;01/08/2025;16.200,00;889,75;;
12031213-CAFE TM 3C EF VAC 20X500G;08/02/2024;08/08/2025;14.580,00;889,75;;
12031214-CAFE TM 3C FORT VAC 20X500G;12/01/2024;12/07/2025;1,00;172,38;;
12031214-CAFE TM 3C FORT VAC 20X500G;26/01/2024;26/07/2025;700,00;172,38;;
12031215-CAFE TM 3C TRAD VAC 20X500G;05/11/2023;05/05/2025;40,00;1.007,45;;
12031215-CAFE TM 3C TRAD VAC 20X500G;27/11/2023;27/05/2025;37,00;1.007,45;;
12031215-CAFE TM 3C TRAD VAC 20X500G;30/11/2023;30/05/2025;1.100,00;1.007,45;;
12031215-CAFE TM 3C TRAD VAC 20X500G;08/01/2024;08/07/2025;4.860,00;1.007,45;;
12031215-CAFE TM 3C TRAD VAC 20X500G;09/01/2024;09/07/2025;1.620,00;1.007,45;;
12031215-CAFE TM 3C TRAD VAC 20X500G;05/02/2024;05/08/2025;6.480,00;1.007,45;;
12031216-CAFE TM 3C ESTR REAL PREM VAC 20X500G;21/12/2023;20/06/2025;10,00;43,28;;
12031216-CAFE TM 3C ESTR REAL PREM VAC 20X500G;13/01/2024;13/07/2025;548,00;43,28;;
12031216-CAFE TM 3C ESTR REAL PREM VAC 20X500G;28/01/2024;28/07/2025;1.620,00;43,28;;
12031220-CAFE TM 3C GOURM DARK 4S 20X250G;06/12/2023;05/10/2024;464,00;82,74;;
12031220-CAFE TM 3C GOURM DARK 4S 20X250G;07/12/2023;06/10/2024;1.120,00;82,74;;
12031220-CAFE TM 3C GOURM DARK 4S 20X250G;11/01/2024;10/11/2024;2,00;82,74;;
12031220-CAFE TM 3C GOURM DARK 4S 20X250G;03/02/2024;03/12/2024;4.000,00;82,74;;
12031226-CAFE TM 3C GOURM MOG PAUL 4S 20X250G;15/01/2024;14/11/2024;108,00;200,08;;
12031226-CAFE TM 3C GOURM MOG PAUL 4S 20X250G;23/01/2024;22/11/2024;6.323,00;200,08;;
12031227-CAFE TM 3C GOURM CERR MIN 4S 20X250G;21/01/2024;20/11/2024;96,00;234,89;;
12031227-CAFE TM 3C GOURM CERR MIN 4S 20X250G;01/02/2024;01/12/2024;43,00;234,89;;
12031227-CAFE TM 3C GOURM CERR MIN 4S 20X250G;04/02/2024;04/12/2024;5.600,00;234,89;;
12031228-CAFE TM 3C GOURM SUL M 4S 20X250G;15/01/2024;14/11/2024;40,00;175,14;;
12031228-CAFE TM 3C GOURM SUL M 4S 20X250G;17/01/2024;16/11/2024;16,00;175,14;;
12031228-CAFE TM 3C GOURM SUL M 4S 20X250G;06/02/2024;06/12/2024;11.560,00;175,14;;
12031272-CAFE DRIP 3C GOU DARK 12X10X11G;30/12/2023;29/06/2025;8.400,00;4,40;;
12031272-CAFE DRIP 3C GOU DARK 12X10X11G;02/01/2024;02/07/2025;370,00;4,40;;
12031272-CAFE DRIP 3C GOU DARK 12X10X11G;27/01/2024;27/07/2025;8.400,00;4,40;;
12031293-KIT CAFE TM 3C GOU SUL M+MOG P 4S 2X250G;22/10/2023;21/08/2024;150,00;6,67;;
12031295-CAFE DRIP 3C TRAD 12X10X10G;08/11/2023;08/05/2025;4.580,00;1,23;;
12031303-CAFE DRIP 3C GOUR MAT MIN 12X10X10G;18/12/2023;17/06/2025;8.580,00;2,09;;
12031350-KIT CAFE TM 3C GOURM CER+MOG PAUL 2X250G;14/11/2023;13/09/2024;330,00;6,67;;
12031351-KIT CAFE TM 3C GOURM CERR+SUL MIN 2X250G;05/01/2024;04/11/2024;170,00;6,67;;
12031351-KIT CAFE TM 3C GOURM CERR+SUL MIN 2X250G;06/01/2024;05/11/2024;360,00;6,67;;
12031351-KIT CAFE TM 3C GOURM CERR+SUL MIN 2X250G;15/01/2024;14/11/2024;720,00;6,67;;
12031363-CAFE TG 3C HAVANNA CER MIN FS 10X500G;28/10/2023;27/06/2024;360,00;5,50;;
12031363-CAFE TG 3C HAVANNA CER MIN FS 10X500G;14/11/2023;14/07/2024;780,00;5,50;;
12031364-CAFE TM 3C HAVANNA CER MIN FS 20X250G;15/12/2023;14/10/2024;180,00;1,67;;
12031364-CAFE TM 3C HAVANNA CER MIN FS 20X250G;03/02/2024;03/12/2024;800,00;1,67;;
12031378-CAFE DRIP 3C FLOR PREM 12X10X10G;14/12/2023;13/06/2025;470,00;0,16;;
12031412-CAFE TM 3C PORT OB PENEI AM 4S 20X250G;09/12/2023;08/10/2024;543,00;13,42;;
12031413-CAFE TM 3C PORT OB CAFE MM 4S 20X250G;19/01/2024;18/11/2024;534,00;9,83;;
12031414-CAFE TM 3C PORT OB SOL PIP CM 4S 20X250G;18/01/2024;17/11/2024;326,00;8,20;;
12031415-CAFE DRIP 3C PORT OB PENEI 12X10X11G;11/11/2023;11/05/2025;4.250,00;1,88;;
12031415-CAFE DRIP 3C PORT OB PENEI 12X10X11G;12/11/2023;12/05/2025;6.000,00;1,88;;
12031440-CAFE TM 3C FORZA INTEN MAX 4S 20X250G;25/11/2023;24/09/2024;720,00;7,00;;
12031441-KIT CAFE TM 3C TRAD VAC 2X500G;17/07/2023;14/01/2025;156,00;72,00;;
12031441-KIT CAFE TM 3C TRAD VAC 2X500G;17/08/2023;14/02/2025;504,00;72,00;;
12031442-KIT CAFE TM 3C EF VAC 2X500G;19/07/2023;16/01/2025;960,00;0,00;;
12031442-KIT CAFE TM 3C EF VAC 2X500G;18/08/2023;15/02/2025;1.512,00;0,00;;
12031464-CAFE TG 3C GRAO ESPR FS SPAC 10X500G;22/08/2023;21/08/2024;110,00;1,00;;
12031469-CAFE TM 3C EF VAC 10X500G;24/11/2023;24/05/2025;15,00;0,00;;
12031469-CAFE TM 3C EF VAC 10X500G;26/01/2024;26/07/2025;1.110,00;0,00;;
12031470-CAFE TM 3C TRAD VAC 10X500G;16/01/2024;16/07/2025;3.470,00;0,00;;
12031474-CAFE TM 3C GOU DARK 5S 10X500G;10/12/2023;09/12/2024;1.970,00;0,00;;
12031477-CAFE TM 3C FORZA INTEN MAX 5S 10X500G;18/01/2024;17/01/2025;990,00;0,00;;
12031477-CAFE TM 3C FORZA INTEN MAX 5S 10X500G;19/01/2024;18/01/2025;700,00;0,00;;
12031479-CAFE TG 3C ESPR GOU FS SPAC 10X500G;17/01/2024;16/09/2024;780,00;0,00;;
12032016-CAFE SOL 3C LIOF VID 24X100G;26/10/2023;25/10/2026;11,00;14,19;;
12032016-CAFE SOL 3C LIOF VID 24X100G;03/11/2023;02/11/2026;8.496,00;14,19;;
12032017-CAFE SOL 3C GRAN TRAD VD ASTEC 24X100G;31/10/2023;30/10/2026;96,00;26,16;;
12032017-CAFE SOL 3C GRAN TRAD VD ASTEC 24X100G;01/11/2023;31/10/2026;8,00;26,16;;
12032017-CAFE SOL 3C GRAN TRAD VD ASTEC 24X100G;05/11/2023;04/11/2026;168,00;26,16;;
12032017-CAFE SOL 3C GRAN TRAD VD ASTEC 24X100G;23/11/2023;22/11/2026;1.680,00;26,16;;
12032017-CAFE SOL 3C GRAN TRAD VD ASTEC 24X100G;25/01/2024;24/01/2027;1.680,00;26,16;;
12032018-CAFE SOL 3C GRAN TRAD VD ASTEC 12X200G;25/11/2023;24/11/2026;384,00;11,01;;
12032018-CAFE SOL 3C GRAN TRAD VD ASTEC 12X200G;02/12/2023;01/12/2026;100,00;11,01;;
12032018-CAFE SOL 3C GRAN TRAD VD ASTEC 12X200G;08/02/2024;07/02/2027;1.584,00;11,01;;
12032022-CAFE SOL 3C GRAN DESC VD ASTEC 24X50G;12/09/2023;11/09/2026;1.997,00;3,28;;
12032023-CAFE SOL 3C GRAN TRAD VD ASTEC 24X50G;23/11/2023;22/11/2026;888,00;11,23;;
12032023-CAFE SOL 3C GRAN TRAD VD ASTEC 24X50G;21/12/2023;20/12/2026;68,00;11,23;;
12032025-CAFE SOL 3C LIOF SACHE 500X2G;09/09/2022;08/09/2024;500,00;0,00;;
12032037-KIT CAFE SOL 3C LIOF VID L3P2;23/03/2021;22/03/2024;600,00;0,00;;
12032038-KIT CAFE SOL 3C LIOF ARAB VID 2X100G;26/03/2023;25/03/2026;460,00;0,00;;
12032040-CAFE SOL LIO 3C PORT OB PENE VID 24X100G;04/01/2023;03/01/2026;288,00;0,00;;
12032046-CAFE SOL 3C GRAN TRAD VID 6X100G;10/12/2023;09/12/2026;645,00;0,00;;
12032046-CAFE SOL 3C GRAN TRAD VID 6X100G;10/01/2024;09/01/2027;1.680,00;0,00;;
12032047-CAFE SOL 3C GRAN DECAF VID AST 6X50G;02/01/2023;01/01/2026;2.112,00;0,00;;
12032047-CAFE SOL 3C GRAN DECAF VID AST 6X50G;02/10/2023;01/10/2026;1.883,00;0,00;;
12032047-CAFE SOL 3C GRAN DECAF VID AST 6X50G;03/10/2023;02/10/2026;2.112,00;0,00;;
12032048-CAFE SOL 3C GRAN TRAD VID AST 12X50G;17/09/2023;16/09/2026;771,00;0,00;;
12032048-CAFE SOL 3C GRAN TRAD VID AST 12X50G;22/12/2023;21/12/2026;72,00;0,00;;
12032049-CAFE SOL 3C GRAN TRAD VID 6X200G;25/10/2023;24/10/2026;360,00;0,00;;
12032050-CAFE SOL 3C LIOF VID 6X100G;26/10/2023;25/10/2026;240,00;0,00;;
12032501-CAFE SOL 3C GRAN TRAD REF 24X50G;09/12/2023;08/12/2025;24,00;1,83;;
12032502-CAFE SOL 3C GRAN DECAF REF 24X50G;04/10/2023;03/10/2025;3.648,00;10,79;;
12032502-CAFE SOL 3C GRAN DECAF REF 24X50G;08/11/2023;07/11/2025;1.541,00;10,79;;
12032502-CAFE SOL 3C GRAN DECAF REF 24X50G;11/11/2023;10/11/2025;24,00;10,79;;
12032502-CAFE SOL 3C GRAN DECAF REF 24X50G;07/02/2024;06/02/2026;3.648,00;10,79;;
12032506-CAFE SOL 3C LIOF REF 24X50G;13/11/2023;12/11/2025;4.368,00;11,39;;
12032506-CAFE SOL 3C LIOF REF 24X50G;04/12/2023;03/12/2025;112,00;11,39;;
12032512-CAFE SOL LIO 3C PORT OB PENEI REF 24X50G;11/11/2023;10/11/2025;240,00;0,00;;
12032521-CAFE SOL GRAN 3C TRAD REF 12X50G;30/12/2023;19/12/2025;516,00;0,00;;
12032522-CAFE SOL 3C LIOF REF 12X50G;04/11/2023;24/10/2025;1.452,00;0,00;;
12032523-CAFE SOL 3C GRAN DECAF REF 12X50G;15/09/2023;04/09/2025;617,00;0,00;;
12034000-CAFE CAPP 3C BAUN SACHE 50X20G;10/01/2024;09/01/2025;17.800,00;24,67;;
12034000-CAFE CAPP 3C BAUN SACHE 50X20G;11/01/2024;10/01/2025;14.100,00;24,67;;
12034000-CAFE CAPP 3C BAUN SACHE 50X20G;06/02/2024;05/02/2025;14.000,00;24,67;;
12034001-CAFE CAPP 3C CANELA SACHE 50X20G;09/12/2023;08/12/2024;150,00;29,13;;
12034001-CAFE CAPP 3C CANELA SACHE 50X20G;12/12/2023;11/12/2024;1.100,00;29,13;;
12034001-CAFE CAPP 3C CANELA SACHE 50X20G;28/12/2023;27/12/2024;14.050,00;29,13;;
12034001-CAFE CAPP 3C CANELA SACHE 50X20G;09/01/2024;08/01/2025;28.000,00;29,13;;
12034003-CAFE CAPP 3C CHOC SACHE 50X20G;14/01/2024;13/01/2025;36.350,00;31,10;;
12034003-CAFE CAPP 3C CHOC SACHE 50X20G;15/01/2024;14/01/2025;28.000,00;31,10;;
12034003-CAFE CAPP 3C CHOC SACHE 50X20G;04/02/2024;03/02/2025;28.000,00;31,10;;
12034009-CAFE CAPP 3C CLAS SACHE 16X10X20G;15/03/2023;14/03/2024;16,00;4,27;;
12034009-CAFE CAPP 3C CLAS SACHE 16X10X20G;26/01/2024;25/01/2025;5.390,00;4,27;;
12034010-CAFE CAPP 3C CLAS SACHE 50X20G;11/01/2024;10/01/2025;150,00;40,40;;
12034010-CAFE CAPP 3C CLAS SACHE 50X20G;28/01/2024;27/01/2025;4.050,00;40,40;;
12034010-CAFE CAPP 3C CLAS SACHE 50X20G;29/01/2024;28/01/2025;14.000,00;40,40;;
12034019-CAFE CAPP 3C LIGHT SACHE 16X10X14G;05/10/2023;04/10/2024;3.590,00;0,07;;
12034019-CAFE CAPP 3C LIGHT SACHE 16X10X14G;06/10/2023;05/10/2024;8.000,00;0,07;;
12034077-CAFE CAPP 3C CLAS 5S 5X1KG;28/11/2023;27/11/2024;3,00;99,07;;
12034077-CAFE CAPP 3C CLAS 5S 5X1KG;14/12/2023;13/12/2024;1.230,00;99,07;;
12034077-CAFE CAPP 3C CLAS 5S 5X1KG;19/12/2023;18/12/2024;1.910,00;99,07;;
12034080-BEBIDA LACT 3C CAPP BALANCE PET 6X260ML;11/11/2023;08/07/2024;984,00;76,69;;
12034080-BEBIDA LACT 3C CAPP BALANCE PET 6X260ML;29/11/2023;26/07/2024;14.275,00;76,69;;
12034080-BEBIDA LACT 3C CAPP BALANCE PET 6X260ML;02/12/2023;29/07/2024;2.376,00;76,69;;
12034081-BEBIDA LACT 3C CAPP CHOC PET 6X260ML;20/09/2023;20/05/2024;30,00;225,98;;
12034081-BEBIDA LACT 3C CAPP CHOC PET 6X260ML;28/11/2023;28/07/2024;21.384,00;225,98;;
12034081-BEBIDA LACT 3C CAPP CHOC PET 6X260ML;29/11/2023;29/07/2024;2.376,00;225,98;;
12034081-BEBIDA LACT 3C CAPP CHOC PET 6X260ML;30/11/2023;30/07/2024;7.128,00;225,98;;
12034082-BEBIDA LACT 3C CAPP CLASSIC PET 6X260ML;16/11/2023;16/07/2024;12,00;252,40;;
12034082-BEBIDA LACT 3C CAPP CLASSIC PET 6X260ML;04/12/2023;03/08/2024;2.472,00;252,40;;
12034082-BEBIDA LACT 3C CAPP CLASSIC PET 6X260ML;23/12/2023;22/08/2024;26.136,00;252,40;;
12034082-BEBIDA LACT 3C CAPP CLASSIC PET 6X260ML;04/01/2024;03/09/2024;21.384,00;252,40;;
12034083-CAFE CAPP 3C ZERO ACUCAR 5S 5X1KG;09/12/2023;08/12/2024;260,00;12,83;;
12034091-KIT CAFE CAPP 3C CLAS PT 3X200G;20/07/2023;19/07/2024;648,00;7,20;;
12034091-KIT CAFE CAPP 3C CLAS PT 3X200G;13/09/2023;12/09/2024;360,00;7,20;;
12034096-CAFE CAPP 3C CLAS ABRA PT 24X200G;19/08/2023;18/08/2024;13,00;262,37;;
12034096-CAFE CAPP 3C CLAS ABRA PT 24X200G;13/09/2023;12/09/2024;72,00;262,37;;
12034096-CAFE CAPP 3C CLAS ABRA PT 24X200G;30/09/2023;29/09/2024;2.976,00;262,37;;
12034096-CAFE CAPP 3C CLAS ABRA PT 24X200G;23/10/2023;22/10/2024;2.352,00;262,37;;
12034096-CAFE CAPP 3C CLAS ABRA PT 24X200G;30/10/2023;29/10/2024;23.520,00;262,37;;
12034096-CAFE CAPP 3C CLAS ABRA PT 24X200G;15/11/2023;14/11/2024;2.352,00;262,37;;
12034097-CAFE CAPP 3C CLAS ABRA PT 12X400G;06/08/2023;05/08/2024;420,00;258,72;;
12034097-CAFE CAPP 3C CLAS ABRA PT 12X400G;07/08/2023;06/08/2024;1.944,00;258,72;;
12034097-CAFE CAPP 3C CLAS ABRA PT 12X400G;08/08/2023;07/08/2024;5.184,00;258,72;;
12034097-CAFE CAPP 3C CLAS ABRA PT 12X400G;24/08/2023;23/08/2024;2.616,00;258,72;;
12034097-CAFE CAPP 3C CLAS ABRA PT 12X400G;01/09/2023;31/08/2024;1.296,00;258,72;;
12034097-CAFE CAPP 3C CLAS ABRA PT 12X400G;30/10/2023;29/10/2024;7.776,00;258,72;;
12034097-CAFE CAPP 3C CLAS ABRA PT 12X400G;14/02/2024;13/02/2025;9.720,00;258,72;;
12034098-CAFE CAPP 3C BAUN ABRA COR PT 24X200G;18/09/2023;17/09/2024;3.660,00;23,56;;
12034098-CAFE CAPP 3C BAUN ABRA COR PT 24X200G;30/09/2023;29/09/2024;5,00;23,56;;
12034099-CAFE CAPP 3C CHOC ABRA COR PT 24X200G;09/10/2023;08/10/2024;5,00;102,73;;
12034099-CAFE CAPP 3C CHOC ABRA COR PT 24X200G;11/10/2023;10/10/2024;7.752,00;102,73;;
12034099-CAFE CAPP 3C CHOC ABRA COR PT 24X200G;13/10/2023;12/10/2024;4.704,00;102,73;;
12034099-CAFE CAPP 3C CHOC ABRA COR PT 24X200G;18/10/2023;17/10/2024;4.704,00;102,73;;
12034099-CAFE CAPP 3C CHOC ABRA COR PT 24X200G;04/11/2023;03/11/2024;4.368,00;102,73;;
12034099-CAFE CAPP 3C CHOC ABRA COR PT 24X200G;12/11/2023;11/11/2024;2.352,00;102,73;;
12034099-CAFE CAPP 3C CHOC ABRA COR PT 24X200G;14/11/2023;13/11/2024;2.352,00;102,73;;
12034099-CAFE CAPP 3C CHOC ABRA COR PT 24X200G;19/01/2024;18/01/2025;2.352,00;102,73;;
12034100-CAFE CAPP 3C DECAF ABRA COR PT 24X200G;29/09/2023;28/09/2024;872,00;25,07;;
12034101-CAFE CAPP 3C DIET ABRA COR PT 24X150G;16/09/2023;15/09/2024;1.680,00;89,93;;
12034101-CAFE CAPP 3C DIET ABRA COR PT 24X150G;16/09/2023;15/09/2024;12,00;89,93;;
12034101-CAFE CAPP 3C DIET ABRA COR PT 24X150G;13/02/2024;12/02/2025;3.413,00;89,93;;
12034101-CAFE CAPP 3C DIET ABRA COR PT 24X150G;17/09/2023;16/09/2024;2.352,00;89,93;;
12034102-CAFE CAPP 3C BALANCE ABRA COR PT 24X180G;31/08/2023;30/08/2024;27,00;17,87;;
12034102-CAFE CAPP 3C BALANCE ABRA COR PT 24X180G;04/01/2024;03/01/2025;4.323,00;17,87;;
12034111-CAFE CAPP 3C AVELA ABRA COR PT 24X200G;19/10/2023;18/10/2024;1.118,00;32,11;;
12034112-BEBIDA LACT 3C CAPP PINGADO PET 6X260ML;27/11/2023;26/08/2024;6.790,00;101,53;;
12034112-BEBIDA LACT 3C CAPP PINGADO PET 6X260ML;21/12/2023;19/09/2024;9.504,00;101,53;;
12034113-BEBIDA LACT 3C CAPP WHEY PET 6X260ML;22/10/2023;21/06/2024;2.143,00;246,00;;
12034113-BEBIDA LACT 3C CAPP WHEY PET 6X260ML;15/09/2023;15/05/2024;4.752,00;246,00;;
12034113-BEBIDA LACT 3C CAPP WHEY PET 6X260ML;17/09/2023;17/05/2024;14.256,00;246,00;;
12034113-BEBIDA LACT 3C CAPP WHEY PET 6X260ML;22/10/2023;21/06/2024;14.256,00;246,00;;
12034113-BEBIDA LACT 3C CAPP WHEY PET 6X260ML;24/11/2023;24/07/2024;11.880,00;246,00;;
12034120-CAFE CAPP 3C CLAS REF 24X100G;17/10/2023;16/10/2024;44,00;19,38;;
12034120-CAFE CAPP 3C CLAS REF 24X100G;30/11/2023;29/11/2024;3.144,00;19,38;;
12034121-BEBIDA CAPP 3C PWHEY CLAS 12X250ML;18/09/2023;18/05/2024;3,00;172,20;;
12034121-BEBIDA CAPP 3C PWHEY CLAS 12X250ML;14/10/2023;13/06/2024;38.828,00;172,20;;
12034121-BEBIDA CAPP 3C PWHEY CLAS 12X250ML;07/11/2023;07/07/2024;3.108,00;172,20;;
12034121-BEBIDA CAPP 3C PWHEY CLAS 12X250ML;20/11/2023;20/07/2024;3.108,00;172,20;;
12034121-BEBIDA CAPP 3C PWHEY CLAS 12X250ML;21/11/2023;21/07/2024;3.108,00;172,20;;
12034122-CAFE CAPP 3C COOK POTE 24X200G;28/01/2024;27/01/2025;73,00;13,98;;
12034123-CAFE CAPP 3C CARAM FSAL POTE 24X200G;22/11/2023;21/11/2024;3.097,00;13,76;;
12034124-BEBIDA LACT CAPP 3C PWHEY CHOC 12X250ML;27/12/2023;26/08/2024;777,00;196,80;;
12034124-BEBIDA LACT CAPP 3C PWHEY CHOC 12X250ML;22/10/2023;21/06/2024;52,00;196,80;;
12034124-BEBIDA LACT CAPP 3C PWHEY CHOC 12X250ML;28/12/2023;27/08/2024;11.304,00;196,80;;
12034125-BEBIDA LACT CAPP 3C PWHEY COOK 12X250ML;14/11/2023;14/07/2024;3,00;157,76;;
12034125-BEBIDA LACT CAPP 3C PWHEY COOK 12X250ML;16/11/2023;16/07/2024;18.336,00;157,76;;
12034125-BEBIDA LACT CAPP 3C PWHEY COOK 12X250ML;18/11/2023;18/07/2024;12.432,00;157,76;;
12034125-BEBIDA LACT CAPP 3C PWHEY COOK 12X250ML;29/12/2023;28/08/2024;15.540,00;157,76;;
12034126-BEBIDA LACT CAPP 3C PWHEY DLEIT 12X250ML;24/11/2023;24/07/2024;1,00;39,88;;
12034126-BEBIDA LACT CAPP 3C PWHEY DLEIT 12X250ML;26/11/2023;26/07/2024;11.700,00;39,88;;
12034126-BEBIDA LACT CAPP 3C PWHEY DLEIT 12X250ML;22/12/2023;21/08/2024;9.324,00;39,88;;
12034130-CAPPUCCINO VEG 3C POTE 24X140G;30/06/2023;29/06/2024;1.686,00;0,21;;
12034130-CAPPUCCINO VEG 3C POTE 24X140G;20/07/2023;19/07/2024;2.016,00;0,21;;
12034131-CAPPUCCINO VEG 3C 6X10X20G;04/07/2023;03/07/2024;8.650,00;0,00;;
12034131-CAPPUCCINO VEG 3C 6X10X20G;25/07/2023;24/07/2024;8.400,00;0,00;;
12034133-CAFE CAPP 3C CLAS ABRA POTE 6X200G;26/10/2023;25/10/2024;6,00;0,00;;
12034133-CAFE CAPP 3C CLAS ABRA POTE 6X200G;09/11/2023;08/11/2024;3.600,00;0,00;;
12034133-CAFE CAPP 3C CLAS ABRA POTE 6X200G;10/11/2023;09/11/2024;15,00;0,00;;
12034133-CAFE CAPP 3C CLAS ABRA POTE 6X200G;06/02/2024;05/02/2025;3.600,00;0,00;;
12034134-CAFE CAPP 3C CHOC ABRA POTE 6X200G;06/11/2023;05/11/2024;2.925,00;0,00;;
12034134-CAFE CAPP 3C CHOC ABRA POTE 6X200G;14/02/2024;13/02/2025;1.800,00;0,00;;
12034135-CAFE CAPP 3C CARAM SAL SCH 16X10X20G;02/12/2023;01/12/2024;9.600,00;0,00;;
12034136-CAFE CAPP 3C CLAS REF 12X100G;08/09/2023;07/09/2024;176,00;0,00;;
12034142-CAFE CAPP 3C CANELA SCH 30X20G;19/01/2024;18/01/2025;4.260,00;0,00;;
12034143-CAFE CAPP 3C BAUN SCH 30X20G;07/02/2024;06/02/2025;3.600,00;0,00;;
12034144-CAFE CAPP 3C LIGTH SCH 30X14G;20/01/2024;19/01/2025;1.800,00;0,00;;
12034147-KIT BEBIDA LAC CAP 3C PWHEY CHOC 6X250ML;06/09/2023;06/05/2024;120,00;0,00;;
12034148-KIT BEBIDA LAC CAP 3C PWHEY CLAS 6X250ML;22/11/2023;22/07/2024;200,00;0,00;;
12034149-KIT BEBIDA LAC CAP 3C PWHEY COOK 6X250ML;05/09/2023;05/05/2024;440,00;0,00;;
12034150-CAFE CAPP 3C CLAS SCH 30X20G;23/01/2024;22/01/2025;16.980,00;0,00;;
12034151-CAFE CAPP 3C CHOC SCH 30X20G;17/01/2024;16/01/2025;6.570,00;0,00;;
12035025-CHOCOLATTO 3C REF 5S 24X400G;15/11/2023;14/11/2024;18,00;0,00;;
12035026-CHOCOLATTO 3C REF 5S 12X700G;15/12/2023;14/12/2024;4.512,00;1.632,19;;
12035026-CHOCOLATTO 3C REF 5S 12X700G;18/12/2023;17/12/2024;12,00;1.632,19;;
12035026-CHOCOLATTO 3C REF 5S 12X700G;21/12/2023;20/12/2024;39,00;1.632,19;;
12035026-CHOCOLATTO 3C REF 5S 12X700G;04/01/2024;03/01/2025;15.552,00;1.632,19;;
12035026-CHOCOLATTO 3C REF 5S 12X700G;10/01/2024;09/01/2025;1.944,00;1.632,19;;
12035026-CHOCOLATTO 3C REF 5S 12X700G;17/01/2024;16/01/2025;972,00;1.632,19;;
12035026-CHOCOLATTO 3C REF 5S 12X700G;31/01/2024;30/01/2025;1,00;1.632,19;;
12035026-CHOCOLATTO 3C REF 5S 12X700G;01/02/2024;31/01/2025;27.216,00;1.632,19;;
12035026-CHOCOLATTO 3C REF 5S 12X700G;04/02/2024;03/02/2025;348,00;1.632,19;;
12035027-CHOCOLATTO 3C REF 5S 12X300G;11/11/2023;10/11/2024;1,00;187,64;;
12035027-CHOCOLATTO 3C REF 5S 12X300G;09/01/2024;08/01/2025;9.673,00;187,64;;
12035032-CHOCOLATE QUENTE 3C CREM 5S 5X1,1KG;22/10/2023;21/10/2024;222,00;26,66;;
12035043-CHOCOLATTO 3C REF 5S 12X560G;06/11/2023;05/11/2024;96,00;243,95;;
12035043-CHOCOLATTO 3C REF 5S 12X560G;09/11/2023;08/11/2024;474,00;243,95;;
12035043-CHOCOLATTO 3C REF 5S 12X560G;17/01/2024;16/01/2025;5.004,00;243,95;;
12035043-CHOCOLATTO 3C REF 5S 12X560G;08/02/2024;07/02/2025;216,00;243,95;;
12035044-CHOCOLATTO 3C REF 5S 5X1,020KG;04/11/2023;03/11/2024;15,00;253,84;;
12035044-CHOCOLATTO 3C REF 5S 5X1,020KG;05/11/2023;04/11/2024;5,00;253,84;;
12035044-CHOCOLATTO 3C REF 5S 5X1,020KG;08/11/2023;07/11/2024;510,00;253,84;;
12035044-CHOCOLATTO 3C REF 5S 5X1,020KG;02/12/2023;01/12/2024;1.020,00;253,84;;
12035044-CHOCOLATTO 3C REF 5S 5X1,020KG;04/01/2024;03/01/2025;2.770,00;253,84;;
12035044-CHOCOLATTO 3C REF 5S 5X1,020KG;07/02/2024;06/02/2025;440,00;253,84;;
12035044-CHOCOLATTO 3C REF 5S 5X1,020KG;08/02/2024;07/02/2025;3.060,00;253,84;;
12035047-CHOCOLATTO 3C LT 30X370G;22/11/2023;21/11/2024;60,00;287,08;;
12035047-CHOCOLATTO 3C LT 30X370G;10/01/2024;09/01/2025;9.270,00;287,08;;
12035047-CHOCOLATTO 3C LT 30X370G;17/01/2024;16/01/2025;4.050,00;287,08;;
12035047-CHOCOLATTO 3C LT 30X370G;01/02/2024;31/01/2025;8.916,00;287,08;;
12035053-CHOCOLATTO 3C LT 12X370G;23/01/2024;22/01/2025;26,00;0,00;;
12035055-CHOCOLATTO 3C REF 5S 6X700G;01/11/2023;31/10/2024;326,00;0,00;;
12036013-CAFE C/LEITE 3C ZR ACUCAR LT 12X265G;10/08/2023;09/08/2024;1,00;2,09;;
12036018-CAFE C/LEITE 3C 5S 5X1KG;28/09/2023;27/09/2024;211,00;13,33;;
12036018-CAFE C/LEITE 3C 5S 5X1KG;29/09/2023;28/09/2024;510,00;13,33;;
12036019-CAFE C/LEITE 3C SACHE 50X20G;24/11/2023;23/11/2024;9.450,00;16,27;;
12036021-CAFE C/LEITE 3C ZR FOOD 5S 5X1KG;25/03/2023;24/03/2024;3,00;4,00;;
12036021-CAFE C/LEITE 3C ZR FOOD 5S 5X1KG;16/08/2023;15/08/2024;340,00;4,00;;
12036021-CAFE C/LEITE 3C ZR FOOD 5S 5X1KG;30/09/2023;29/09/2024;115,00;4,00;;
12036026-CAFE C/LEIT 3C REF 24X100G;05/09/2023;04/09/2024;2.401,00;23,93;;
12036026-CAFE C/LEIT 3C REF 24X100G;06/09/2023;05/09/2024;4.152,00;23,93;;
12036026-CAFE C/LEIT 3C REF 24X100G;08/10/2023;07/10/2024;16.416,00;23,93;;
12036028-CAFE C/LEIT 3C LT 12X300G;25/11/2023;24/11/2024;1.224,00;46,50;;
12036028-CAFE C/LEIT 3C LT 12X300G;26/11/2023;25/11/2024;1.824,00;46,50;;
12036028-CAFE C/LEIT 3C LT 12X300G;06/12/2023;05/12/2024;10.944,00;46,50;;
12036028-CAFE C/LEIT 3C LT 12X300G;07/12/2023;06/12/2024;1.347,00;46,50;;
12036028-CAFE C/LEIT 3C LT 12X300G;08/12/2023;07/12/2024;12,00;46,50;;
12036036-CAFE C/LEIT VEG 3C LT 12X220G;04/09/2023;03/09/2024;2.352,00;0,00;;
12036036-CAFE C/LEIT VEG 3C LT 12X220G;19/09/2023;18/09/2024;780,00;0,00;;
12036036-CAFE C/LEIT VEG 3C LT 12X220G;17/10/2023;16/10/2024;773,00;0,00;;
12036038-CAFE C/LEIT 3C REF 12X100G;02/10/2023;01/10/2024;1.657,00;0,00;;
12036039-CAFE C/LEIT 3C LT 6X300G;13/12/2023;12/12/2024;206,00;0,00;;
12036040-CAFE C/LEIT 3C BALANCE LT 24X200G;18/12/2023;17/12/2024;292,00;0,00;;
12036042-CAFE C/LEIT 3C SCH 30X20G;02/02/2024;01/02/2025;3.000,00;0,00;;
12037415-FILTRO PAP 3C 102/30 RED AGR 8X5X30UN;24/05/2023;23/05/2026;1.889,00;1,54;;
12037416-FILTRO PAP 3C 103/30 RED AGR 8X5X30UN;29/07/2023;28/07/2026;451,00;7,99;;
12037416-FILTRO PAP 3C 103/30 RED AGR 8X5X30UN;03/08/2023;02/08/2026;4.000,00;7,99;;
12037416-FILTRO PAP 3C 103/30 RED AGR 8X5X30UN;31/08/2023;30/08/2026;2.000,00;7,99;;
12037416-FILTRO PAP 3C 103/30 RED AGR 8X5X30UN;30/09/2023;29/09/2026;4.000,00;7,99;;
12037417-FILTRO PAP 3C 102/30 RED DES 40X30UN;29/09/2023;28/09/2026;251,00;13,48;;
12037417-FILTRO PAP 3C 102/30 RED DES 40X30UN;09/11/2023;08/11/2026;13.000,00;13,48;;
12037417-FILTRO PAP 3C 102/30 RED DES 40X30UN;10/11/2023;09/11/2026;7.280,00;13,48;;
12037418-FILTRO PAP 3C 103/30 RED DES 40X30UN;25/11/2023;24/11/2026;3,00;52,52;;
12037418-FILTRO PAP 3C 103/30 RED DES 40X30UN;14/12/2023;13/12/2026;786,00;52,52;;
12037418-FILTRO PAP 3C 103/30 RED DES 40X30UN;14/02/2024;13/02/2027;4.000,00;52,52;;
12068181-FRISCO ABACAXI SACHE MP 10X15X25G;24/07/2023;21/01/2025;1.215,00;67,74;;
12068182-FRISCO CAJA SACHE MP 10X15X25G;26/07/2023;23/01/2025;105,00;90,94;;
12068183-FRISCO CAJU SACHE MP 10X15X25G;06/03/2023;03/09/2024;480,00;91,24;;
12068184-FRISCO GOIABA SACHE MP 10X15X25G;08/05/2023;05/11/2024;1.170,00;98,34;;
12068185-FRISCO GRAVIOLA SACHE MP 10X15X25G;13/05/2023;10/11/2024;2.820,00;46,11;;
12068185-FRISCO GRAVIOLA SACHE MP 10X15X25G;18/07/2023;15/01/2025;21.000,00;46,11;;
12068187-FRISCO LARANJA ACER SACHE MP 10X15X25G;02/08/2023;30/01/2025;495,00;85,03;;
12068188-FRISCO LARANJA SACHE MP 10X15X25G;21/04/2023;19/10/2024;60,00;129,71;;
12068190-FRISCO MANGA SACHE MP 10X15X25G;02/08/2023;30/01/2025;315,00;94,71;;
12068191-FRISCO MARACUJA SACHE MP 10X15X25G;13/05/2023;10/11/2024;1.290,00;191,04;;
12068192-FRISCO MORANGO SACHE MP 10X15X25G;05/07/2023;02/01/2025;15,00;148,49;;
12068196-FRISCO UVA SACHE MP 10X15X25G;18/09/2023;18/03/2025;50.550,00;216,83;;
12068208-FRISCO UVA SACHE MP J3 10X15X25G;27/09/2023;27/03/2025;77.055,00;0,00;;
12068210-FRISCO MORANGO/IOGURT SACHE MP 10X15X25G;08/06/2023;06/12/2024;21.435,00;46,51;;
12068210-FRISCO MORANGO/IOGURT SACHE MP 10X15X25G;03/08/2023;31/01/2025;21.000,00;46,51;;
12068219-FRISCO BAUN C/LIMAO SCH 10X15X25G;20/07/2023;17/01/2025;9.555,00;8,73;;
12068219-FRISCO BAUN C/LIMAO SCH 10X15X25G;22/07/2023;19/01/2025;21.000,00;8,73;;
12068219-FRISCO BAUN C/LIMAO SCH 10X15X25G;30/08/2023;27/02/2025;21.000,00;8,73;;
12068220-TORNADO UVA 2L MP NF SCH 10X20X15G;28/03/2023;25/09/2024;940,00;29,65;;
12068222-TORNADO LIMAO 2L MP NF SCH 10X20X15G;06/09/2023;06/03/2025;23.480,00;4,00;;
12068223-TORNADO MARAC 2L MP NF SCH 10X20X15G;28/08/2023;25/02/2025;800,00;3,07;;
12068225-TORNADO LJ 2L MP NF SCH 10X20X15G;25/08/2023;22/02/2025;8.300,00;16,65;;
12068226-FRISCO LIMAO MP J1/2 SCH 10X15X25G;18/05/2023;15/11/2024;30,00;0,00;;
12068227-FRISCO MANGA MP J1/2 SCH 10X15X25G;02/06/2023;30/11/2024;165,00;0,00;;
12068228-FRISCO LJ J3 SCH 10X18X18G;12/12/2023;11/06/2025;72,00;0,00;;
12068228-FRISCO LJ J3 SCH 10X18X18G;13/12/2023;12/06/2025;28.098,00;0,00;;
12068228-FRISCO LJ J3 SCH 10X18X18G;23/01/2024;23/07/2025;103.680,00;0,00;;
12068228-FRISCO LJ J3 SCH 10X18X18G;24/01/2024;24/07/2025;936,00;0,00;;
12068229-FRISCO ABACAXI J3 SCH 10X18X18G;10/12/2023;09/06/2025;77.472,00;0,00;;
12068229-FRISCO ABACAXI J3 SCH 10X18X18G;12/01/2024;12/07/2025;56.160,00;0,00;;
12068230-FRISCO UVA J3 SCH 10X18X18G;03/11/2023;03/05/2025;18,00;0,00;;
12068232-FRISCO LIMAO J3 SCH 10X18X18G;10/01/2024;10/07/2025;263.448,00;0,00;;
12068233-FRISCO MARAC J3 SCH 10X18X18G;24/01/2024;24/07/2025;405.234,00;0,00;;
12068234-FRISCO MORANGO J3 SCH 10X18X18G;29/11/2023;29/05/2025;24.246,00;0,00;;
12068234-FRISCO MORANGO J3 SCH 10X18X18G;01/12/2023;31/05/2025;69.120,00;0,00;;
12068234-FRISCO MORANGO J3 SCH 10X18X18G;30/01/2024;30/07/2025;224.640,00;0,00;;
12068235-FRISCO LIMAO J1/2 SCH 10X18X18G;13/12/2023;12/06/2025;91.206,00;0,00;;
12068235-FRISCO LIMAO J1/2 SCH 10X18X18G;18/01/2024;18/07/2025;39.600,00;0,00;;
12068236-FRISCO MANGA J1/2 SCH 10X18X18G;30/10/2023;29/04/2025;64.170,00;0,00;;
12068236-FRISCO MANGA J1/2 SCH 10X18X18G;24/01/2024;24/07/2025;151.200,00;0,00;;
12068237-FRISCO UVA J1/2 SCH 10X18X18G;20/11/2023;20/05/2025;18.216,00;0,00;;
12068237-FRISCO UVA J1/2 SCH 10X18X18G;25/11/2023;25/05/2025;50.400,00;0,00;;
12068237-FRISCO UVA J1/2 SCH 10X18X18G;28/11/2023;28/05/2025;201.600,00;0,00;;
12068237-FRISCO UVA J1/2 SCH 10X18X18G;25/01/2024;25/07/2025;151.200,00;0,00;;
12068238-FRISCO SALADA FRUT J1/2 SCH 10X18X18G;30/11/2023;30/05/2025;17.892,00;0,00;;
12068239-FRISCO LJ ACER J1/2 SCH 10X18X18G;20/12/2023;19/06/2025;35.712,00;0,00;;
12068239-FRISCO LJ ACER J1/2 SCH 10X18X18G;22/01/2024;22/07/2025;100.800,00;0,00;;
12068240-FRISCO GRAV J1/2 SCH 10X18X18G;11/12/2023;10/06/2025;15.300,00;0,00;;
12068240-FRISCO GRAV J1/2 SCH 10X18X18G;17/01/2024;17/07/2025;39.600,00;0,00;;
12068241-FRISCO TANGERINA J1/2 SCH 10X18X18G;26/11/2023;26/05/2025;76.140,00;0,00;;
12068241-FRISCO TANGERINA J1/2 SCH 10X18X18G;27/11/2023;27/05/2025;18.000,00;0,00;;
12068241-FRISCO TANGERINA J1/2 SCH 10X18X18G;05/01/2024;05/07/2025;75.600,00;0,00;;
12068241-FRISCO TANGERINA J1/2 SCH 10X18X18G;19/01/2024;19/07/2025;25.200,00;0,00;;
12068242-FRISCO GUARANA J1/2 SCH 10X18X18G;09/01/2024;09/07/2025;26.010,00;0,00;;
12068242-FRISCO GUARANA J1/2 SCH 10X18X18G;01/02/2024;01/08/2025;198.000,00;0,00;;
12068243-FRISCO GOIAB J1/2 SCH 10X18X18G;03/01/2024;03/07/2025;31.536,00;0,00;;
12068244-FRISCO CAJU J1/2 SCH 10X18X18G;19/12/2023;18/06/2025;18,00;0,00;;
12068244-FRISCO CAJU J1/2 SCH 10X18X18G;20/12/2023;19/06/2025;70.164,00;0,00;;
12068244-FRISCO CAJU J1/2 SCH 10X18X18G;26/12/2023;25/06/2025;70.200,00;0,00;;
12068245-FRISCO MOR IOG SCH 10X18X18G;29/11/2023;29/05/2025;3.348,00;0,00;;
12068245-FRISCO MOR IOG SCH 10X18X18G;03/01/2024;03/07/2025;19.800,00;0,00;;
12068245-FRISCO MOR IOG SCH 10X18X18G;11/01/2024;11/07/2025;9.036,00;0,00;;
12068246-FRISCO MARAC IOG SCH 10X18X18G;22/01/2024;22/07/2025;38.826,00;0,00;;
12068247-FRISCO CAJA SCH 10X18X18G;25/01/2024;25/07/2025;126,00;0,00;;
12068247-FRISCO CAJA SCH 10X18X18G;28/01/2024;28/07/2025;432,00;0,00;;
12068248-FRISCO BAUN C/LIMAO SCH 10X18X18G;18/01/2024;18/07/2025;17.730,00;0,00;;
12071020-CAFE TG FRANS FOOD 5X1KG;24/11/2023;24/07/2024;35,00;9,67;;
12071020-CAFE TG FRANS FOOD 5X1KG;05/02/2024;05/10/2024;520,00;9,67;;
12071035-CAFE TM VILLEFORT TRAD SPACK 10X500G;17/03/2023;16/03/2024;180,00;16,67;;
12081006-CAFE TM FINO GRAO +FORTE SPACK 10X500G;21/08/2023;20/08/2024;2.130,00;0,00;;
12142001-CAFE SOL IGUA EF REF 24X50G;16/06/2023;15/06/2025;1.318,00;0,28;;
12142004-CAFE SOL IGUA TRAD LT 24X50G;26/07/2022;25/07/2025;2,00;0,74;;
12142004-CAFE SOL IGUA TRAD LT 24X50G;26/08/2022;25/08/2025;1,00;0,74;;
12142004-CAFE SOL IGUA TRAD LT 24X50G;09/02/2023;08/02/2026;13,00;0,74;;
12142004-CAFE SOL IGUA TRAD LT 24X50G;19/07/2023;18/07/2026;1.152,00;0,74;;
12142005-CAFE SOL IGUA TRAD LT 12X200G;16/10/2021;15/10/2024;2,00;0,44;;
12142005-CAFE SOL IGUA TRAD LT 12X200G;30/04/2023;29/04/2026;4,00;0,44;;
12142005-CAFE SOL IGUA TRAD LT 12X200G;29/11/2023;28/11/2026;240,00;0,44;;
12142007-CAFE SOL IGUA TRAD REF 24X50G;28/08/2023;27/08/2025;651,00;0,29;;
12142014-CAFE SOL IGUA GRAN CLAS REF 24X50G;10/06/2023;09/06/2025;246,00;0,09;;
12142015-CAFE SOL IGUA GRAN CLAS VD 24X100G;20/06/2023;19/06/2026;42,00;0,24;;
12142017-CAFE SOL IGUA LIOF GOURM REF 24X50G;30/05/2023;29/05/2025;405,00;0,35;;
12142018-CAFE SOL IGUA LIOF GOURM VD 24X100G;25/08/2023;24/08/2026;312,00;0,91;;
12151003-CAPSULA CAFE TRES ESPR DECAF 8X10X8G;08/01/2024;08/03/2025;215,00;7,05;;
12151003-CAPSULA CAFE TRES ESPR DECAF 8X10X8G;03/02/2024;03/04/2025;1,00;7,05;;
12151030-CAPSULA TRES CHAI LATTE 8X10X11G;01/12/2023;29/01/2025;364,00;1,40;;
12151037-CAPSULA CAFE TRES RIT MOG PAUL 8X10X8G;03/02/2024;03/04/2025;1.750,00;5,46;;
12151084-CAPSULA CAFE TRES ID COF ALEX A 8X10X8G;25/11/2023;23/01/2025;92,00;0,19;;
12151092-CAPSULA CAFE 3C CER MIN ALUM V2 10X10X5G;22/01/2024;22/03/2025;20.868,00;9,44;;
12151094-CAPSULA CAFE 3C INT ALUM V2 10X10X5G;09/02/2024;09/04/2025;7.560,00;14,47;;
12151095-CAPSULA CAFE 3C GOU DARK 8X10X8G;27/06/2023;25/08/2024;418,00;0,01;;
12151098-CAPSULA CAFE 3C RIT CONGO 8X10X8G;03/04/2023;01/06/2024;194,00;0,00;;
12151099-CAPSULA CAFE 3C RIT MEXICO 8X10X8G;10/12/2023;07/02/2025;492,00;0,00;;
12151100-KIT CAPS CAFE ALUM 3C L4P3;26/06/2023;24/12/2024;1.440,00;9,90;;
12151113-CAPSULA CAFE 3C STAR WARS M YODA 8X10X8G;27/10/2023;26/04/2025;264,00;0,00;;
12151114-CAPSULA CAFE 3C STAR WARS VADER 8X10X8G;25/01/2024;25/07/2025;272,00;0,00;;
12153010-CAPSULA CHA 3C MISTO HIBIS/MAC 8X10X3G;29/01/2024;29/03/2025;225,00;0,61;;
12153011-CAPSULA CHA 3C VERDE/LIM/GEN 8X10X3,5G;31/01/2024;31/03/2025;182,00;0,25;;
12153014-CAPSULA CHA 3C NOIT TRANQ 8X10X3G;26/01/2024;26/03/2025;182,00;0,00;;
12154007-CAPSULA CAFE CAPP TRES H DLEITE 8X10X11G;22/12/2023;19/02/2025;1,00;11,12;;
12154007-CAPSULA CAFE CAPP TRES H DLEITE 8X10X11G;25/01/2024;25/03/2025;441,00;11,12;;
12154009-CAPSULA CAFE CAPP 3C 8X10X11G;09/10/2023;07/12/2024;2,00;83,20;;
12154009-CAPSULA CAFE CAPP 3C 8X10X11G;19/12/2023;16/02/2025;5.025,00;83,20;;
12154009-CAPSULA CAFE CAPP 3C 8X10X11G;06/01/2024;06/03/2025;13.920,00;83,20;;
12154009-CAPSULA CAFE CAPP 3C 8X10X11G;08/01/2024;08/03/2025;20.880,00;83,20;;
12154009-CAPSULA CAFE CAPP 3C 8X10X11G;27/01/2024;27/03/2025;2,00;83,20;;
12154013-CAPSULA CAFE CAPP TRES AVELA NF 8X10X11G;13/12/2023;10/02/2025;9,00;23,10;;
12154013-CAPSULA CAFE CAPP TRES AVELA NF 8X10X11G;19/12/2023;16/02/2025;1.256,00;23,10;;
12154014-CAPSULA CAFE CAPP SC 8X10X11G;26/06/2023;24/08/2024;200,00;0,33;;
12154019-CAPSULA CAPP VEG 3C 8X10X11G;05/08/2023;02/02/2025;265,00;0,00;;
12156003-CAPSULA CAFE TRES LATTE MACCHIA 8X10X11G;01/11/2023;30/12/2024;38,00;11,10;;
12156003-CAPSULA CAFE TRES LATTE MACCHIA 8X10X11G;07/12/2023;04/02/2025;3.337,00;11,10;;
12156007-CAPSULA CAFE C/LEITE 3C BAILEYS 8X10X11G;25/11/2023;23/01/2025;872,00;2,67;;
12156007-CAPSULA CAFE C/LEITE 3C BAILEYS 8X10X11G;28/11/2023;26/01/2025;312,00;2,67;;
12156008-CAPSULA CAFE C/LEITE TRES NF 8X10X9G;20/11/2023;18/01/2025;464,00;20,72;;
12156008-CAPSULA CAFE C/LEITE TRES NF 8X10X9G;29/01/2024;29/03/2025;1.440,00;20,72;;
12156008-CAPSULA CAFE C/LEITE TRES NF 8X10X9G;30/01/2024;30/03/2025;13,00;20,72;;
12156009-CAPSULA CAFE C/LEITE 3C PINGADO 8X10X11G;25/10/2023;23/12/2024;910,00;4,87;;
12156010-CAPSULA CAFE C/LEIT VEG 3C 8X10X11G;06/06/2023;04/12/2024;291,00;0,00;;
12200001-ALIMENTO CASTAN ATDC ORIGINAL 12X1L;16/11/2023;15/11/2024;10.648,00;531,08;;
12200001-ALIMENTO CASTAN ATDC ORIGINAL 12X1L;18/11/2023;17/11/2024;10.200,00;531,08;;
12200001-ALIMENTO CASTAN ATDC ORIGINAL 12X1L;21/12/2023;20/12/2024;5.100,00;531,08;;
12200002-ALIMENTO CASTAN ATDC CHOCNUTS 12X1L;19/10/2023;18/10/2024;1.581,00;347,64;;
12200002-ALIMENTO CASTAN ATDC CHOCNUTS 12X1L;18/11/2023;17/11/2024;2.040,00;347,64;;
12200002-ALIMENTO CASTAN ATDC CHOCNUTS 12X1L;19/11/2023;18/11/2024;11.220,00;347,64;;
12200003-ALIMENTO CASTAN ATDC CAJU/COCO 12X1L;20/10/2023;19/10/2024;12,00;202,84;;
12200003-ALIMENTO CASTAN ATDC CAJU/COCO 12X1L;20/11/2023;19/11/2024;5.788,00;202,84;;
12200003-ALIMENTO CASTAN ATDC CAJU/COCO 12X1L;23/12/2023;22/12/2024;6.120,00;202,84;;
12200004-ALIMENTO CASTAN ATDC CAJU/PARA 12X1L;28/11/2023;27/11/2024;2.810,00;194,26;;
12200005-ALIMENTO CASTAN ATDC MIXED NUTS 12X1L;28/10/2023;27/10/2024;2.105,00;84,40;;
12200005-ALIMENTO CASTAN ATDC MIXED NUTS 12X1L;27/11/2023;26/11/2024;2.040,00;84,40;;
12200006-ALIMENTO AMENDOA ATDC 12X1L;26/10/2023;25/10/2024;1,00;437,74;;
12200006-ALIMENTO AMENDOA ATDC 12X1L;24/11/2023;23/11/2024;6.993,00;437,74;;
12200006-ALIMENTO AMENDOA ATDC 12X1L;26/11/2023;25/11/2024;10.200,00;437,74;;
12200006-ALIMENTO AMENDOA ATDC 12X1L;29/12/2023;28/12/2024;7.140,00;437,74;;
12200008-ALIMENTO CASTAN ATDC CHOCNUTS 12X200ML;29/06/2023;28/06/2024;15,00;10,23;;
12200008-ALIMENTO CASTAN ATDC CHOCNUTS 12X200ML;22/06/2023;21/06/2024;144,00;10,23;;
12200008-ALIMENTO CASTAN ATDC CHOCNUTS 12X200ML;29/06/2023;28/06/2024;372,00;10,23;;
12200008-ALIMENTO CASTAN ATDC CHOCNUTS 12X200ML;30/06/2023;29/06/2024;3.108,00;10,23;;
12200009-ALIMENTO CASTAN ATDC CAJU ORIG 12X200ML;01/06/2023;31/05/2024;2,00;12,34;;
12200009-ALIMENTO CASTAN ATDC CAJU ORIG 12X200ML;28/06/2023;27/06/2024;1.526,00;12,34;;
12200010-ALIMENTO CASTAN ATDC CAJ/AVEIA BAR 12X1L;27/11/2023;26/11/2024;2,00;388,73;;
12200010-ALIMENTO CASTAN ATDC CAJ/AVEIA BAR 12X1L;30/11/2023;29/11/2024;14.034,00;388,73;;
12200010-ALIMENTO CASTAN ATDC CAJ/AVEIA BAR 12X1L;27/12/2023;26/12/2024;6.120,00;388,73;;
12200035-CREME ATDC CREMERIA VEG AMEN LV 12X200G;29/09/2023;28/09/2024;3.115,00;28,88;;
12200035-CREME ATDC CREMERIA VEG AMEN LV 12X200G;22/11/2023;21/11/2024;3.996,00;28,88;;
12200048-PASTA CASTANHA ATDC ORG CHOCNUTS 12X120G;25/11/2023;24/11/2024;828,00;0,14;;
12200050-PASTA CASTANHA ATDC ORG ORIGINAL 12X120G;24/10/2023;23/10/2024;298,00;0,00;;
12200061-BEBIDA VEG CAFE C/LEITE ATDC 3C 12X200ML;07/05/2023;06/05/2024;2,00;6,98;;
12200061-BEBIDA VEG CAFE C/LEITE ATDC 3C 12X200ML;28/09/2023;27/09/2024;1.240,00;6,98;;
12200062-BEBIDA VEG CAPP ATDC 3C 12X200ML;08/05/2023;07/05/2024;8,00;3,96;;
12200062-BEBIDA VEG CAPP ATDC 3C 12X200ML;21/11/2023;20/11/2024;1.116,00;3,96;;
12200065-SUPLEMENTO ALIM ATDC UCOF CARAM 6X220G;30/08/2023;29/08/2024;214,00;1,22;;
12200065-SUPLEMENTO ALIM ATDC UCOF CARAM 6X220G;28/09/2023;27/09/2024;67,00;1,22;;
12200066-SUPLEMENTO ALIM ATDC UCOF CARAM 6X14X10G;17/11/2023;16/11/2024;1.004,00;0,18;;
12200066-SUPLEMENTO ALIM ATDC UCOF CARAM 6X14X10G;23/11/2023;22/11/2024;28,00;0,18;;
12200067-SUPLEMENTO ALIM JUNG END LIM 12X500ML;23/08/2023;22/08/2024;2.245,00;50,33;;
12200067-SUPLEMENTO ALIM JUNG END LIM 12X500ML;25/09/2023;24/09/2024;9,00;50,33;;
12200067-SUPLEMENTO ALIM JUNG END LIM 12X500ML;21/10/2023;20/10/2024;348,00;50,33;;
12200068-SUPLEMENTO ALIM JUNG END TANGE 12X500ML;21/10/2023;20/10/2024;11,00;21,80;;
12200068-SUPLEMENTO ALIM JUNG END TANGE 12X500ML;31/01/2024;30/01/2025;1.440,00;21,80;;
12200069-SUPLEMENTO ALIM JUNG LOW MOR/LI 12X500ML;24/12/2023;23/12/2024;1.483,00;77,02;;
12200070-SUPLEMENTO ALIM JUNG LOW UVA 12X500ML;30/07/2023;29/07/2024;4,00;76,10;;
12200070-SUPLEMENTO ALIM JUNG LOW UVA 12X500ML;22/09/2023;21/09/2024;336,00;76,10;;
12200070-SUPLEMENTO ALIM JUNG LOW UVA 12X500ML;21/10/2023;20/10/2024;1.104,00;76,10;;
12200071-SUPLEMENTO ALIM ATDC UCOF CHOC 6X220G;21/08/2023;20/08/2024;725,00;2,23;;
12200071-SUPLEMENTO ALIM ATDC UCOF CHOC 6X220G;24/08/2023;23/08/2024;630,00;2,23;;
12200072-SUPLEMENTO ALIM ATDC UCOF CAPP 6X220G;18/08/2023;17/08/2024;173,00;1,58;;
12200072-SUPLEMENTO ALIM ATDC UCOF CAPP 6X220G;07/12/2023;06/12/2024;60,00;1,58;;
12200073-SUPLEMENTO ALIM ATDC UCOF CAPP 6X14X10G;09/11/2023;08/11/2024;5.106,00;0,18;;
12200073-SUPLEMENTO ALIM ATDC UCOF CAPP 6X14X10G;16/11/2023;15/11/2024;602,00;0,18;;
12200074-SUPLEMENTO ALIM ATDC UCOF CHOC 6X14X10G;03/10/2023;02/10/2024;28,00;0,12;;
12200074-SUPLEMENTO ALIM ATDC UCOF CHOC 6X14X10G;04/10/2023;03/10/2024;588,00;0,12;;
12200074-SUPLEMENTO ALIM ATDC UCOF CHOC 6X14X10G;05/10/2023;04/10/2024;4.088,00;0,12;;
12200085-ALIMENTO CAST ATDC MINI MORANGO 27X200ML;27/11/2023;26/11/2024;1.280,00;11,11;;
12200086-ALIMENTO CAST ATDC MINI MAC/BAN 27X200ML;09/05/2023;08/05/2024;3,00;6,75;;
12200086-ALIMENTO CAST ATDC MINI MAC/BAN 27X200ML;19/01/2024;18/01/2025;747,00;6,75;;
12200087-ALIMENTO CAST ATDC MINI BAUN 27X200ML;11/07/2023;10/07/2024;1.402,00;4,88;;
12200088-ALIMENTO CAST ATDC MINI CHOC 27X200ML;28/11/2023;27/11/2024;3.149,00;14,95;;
12200090-ALIMENTO ATDC CHOCONUTS ZR LV 12X1L;03/12/2023;02/12/2024;1.937,00;37,09;;
12200091-ALIMENTO ATDC AVEIA LV 12X1L;30/08/2023;29/08/2024;1.275,00;108,43;;
12200091-ALIMENTO ATDC AVEIA LV 12X1L;04/12/2023;03/12/2024;4.080,00;108,43;;
12200092-ALIMENTO POSSIB ORIG LV 12X1L;27/10/2023;26/10/2024;2.087,00;111,07;;
12200092-ALIMENTO POSSIB ORIG LV 12X1L;02/12/2023;01/12/2024;1.020,00;111,07;;
12200092-ALIMENTO POSSIB ORIG LV 12X1L;15/01/2024;14/01/2025;1.020,00;111,07;;
12200095-ALIMENTO CAST POSSIB CHOC 1L;05/08/2023;04/08/2024;25,00;104,11;;
12200095-ALIMENTO CAST POSSIB CHOC 1L;27/08/2023;26/08/2024;1.920,00;104,11;;
12200095-ALIMENTO CAST POSSIB CHOC 1L;01/10/2023;30/09/2024;2.040,00;104,11;;
12200095-ALIMENTO CAST POSSIB CHOC 1L;28/10/2023;27/10/2024;3.060,00;104,11;;
12200095-ALIMENTO CAST POSSIB CHOC 1L;02/12/2023;01/12/2024;1.020,00;104,11;;
12200096-ALIMENTO ATDC BARISTA AVEIA LV 12X1L;29/08/2023;28/08/2024;625,00;32,40;;
12200096-ALIMENTO ATDC BARISTA AVEIA LV 12X1L;03/10/2023;02/10/2024;1.020,00;32,40;;
12200096-ALIMENTO ATDC BARISTA AVEIA LV 12X1L;05/12/2023;04/12/2024;2.040,00;32,40;;
12200102-SUPLEMENTO ALIM PPOWER CREAT PURE 6X300G;24/10/2023;23/10/2025;18,00;0,00;;
12200103-SUPLEMENTO ALIM PPOWER NITRO 6X270G;24/10/2023;23/10/2024;59,00;0,00;;
12200103-SUPLEMENTO ALIM PPOWER NITRO 6X270G;26/12/2023;25/12/2024;60,00;0,00;;
12200105-SUPLEMENTO ALIM PPOWER CREAT MONO 6X300G;25/10/2023;24/10/2025;28,00;0,00;;
12200105-SUPLEMENTO ALIM PPOWER CREAT MONO 6X300G;04/01/2024;03/01/2026;60,00;0,00;;
12200107-SUPLEMENTO ALIM PPOWER DEF LIM 6X270G;27/10/2023;26/10/2024;41,00;0,00;;
12200109-SUPLEMENTO ALIM PPOWER GREENS 6X360G;26/10/2023;25/10/2024;29,00;0,00;;
12200113-SUPLEMENTO ALIM PPOWER PROT MOR 6X490G;03/11/2023;02/11/2024;41,00;0,00;;
12200113-SUPLEMENTO ALIM PPOWER PROT MOR 6X490G;15/01/2024;14/01/2025;30,00;0,00;;
12200114-SUPLEMENTO ALIM PPOWER PROT BAUN 6X490G;02/11/2023;01/11/2024;41,00;0,00;;
12200115-SUPLEMENTO ALIM PPOWER PROT CHOC 6X490G;02/11/2023;01/11/2024;41,00;0,00;;
12200115-SUPLEMENTO ALIM PPOWER PROT CHOC 6X490G;11/01/2024;10/01/2025;60,00;0,00;;
12211006-CAFE TM BRASILEIRO TRAD VAC 20X250G;04/11/2022;04/05/2024;5,00;10,67;;
12211006-CAFE TM BRASILEIRO TRAD VAC 20X250G;22/08/2023;19/02/2025;40,00;10,67;;
12211007-CAFE TM BRASILEIRO TRAD VAC 10X500G;22/12/2023;21/06/2025;1.120,00;7,50;;
12211007-CAFE TM BRASILEIRO TRAD VAC 10X500G;20/11/2023;20/05/2025;150,00;7,50;;
12211007-CAFE TM BRASILEIRO TRAD VAC 10X500G;22/11/2023;22/05/2025;10,00;7,50;;
12211007-CAFE TM BRASILEIRO TRAD VAC 10X500G;22/12/2023;21/06/2025;1.120,00;7,50;;
12211007-CAFE TM BRASILEIRO TRAD VAC 10X500G;03/01/2024;03/07/2025;884,00;7,50;;
12211008-CAFE TM BRASILEIRO EF VAC 20X250G;21/06/2023;19/12/2024;5.600,00;3,17;;
12211008-CAFE TM BRASILEIRO EF VAC 20X250G;22/06/2023;20/12/2024;1.740,00;3,17;;
12211008-CAFE TM BRASILEIRO EF VAC 20X250G;19/07/2023;16/01/2025;2.800,00;3,17;;
12211008-CAFE TM BRASILEIRO EF VAC 20X250G;20/07/2023;17/01/2025;2.800,00;3,17;;
12211009-CAFE TM BRASILEIRO EF VAC 10X500G;07/11/2023;07/05/2025;970,00;42,17;;
12211009-CAFE TM BRASILEIRO EF VAC 10X500G;21/11/2023;21/05/2025;19,00;42,17;;
12211009-CAFE TM BRASILEIRO EF VAC 10X500G;01/12/2023;31/05/2025;20,00;42,17;;
12211009-CAFE TM BRASILEIRO EF VAC 10X500G;08/02/2024;08/08/2025;480,00;42,17;;
12211015-CAFE TM BRASILEIRO TRAD SPACK 20X250G;06/10/2023;05/10/2024;1.170,00;38,00;;
12211015-CAFE TM BRASILEIRO TRAD SPACK 20X250G;25/01/2024;24/01/2025;2.800,00;38,00;;
12211016-CAFE TM BRASILEIRO TRAD SPACK 10X500G;01/11/2023;31/10/2024;90,00;468,33;;
12211016-CAFE TM BRASILEIRO TRAD SPACK 10X500G;15/11/2023;14/11/2024;18,00;468,33;;
12211016-CAFE TM BRASILEIRO TRAD SPACK 10X500G;04/02/2024;03/02/2025;6.280,00;468,33;;
12211017-CAFE TM BRASILEIRO EF SPACK 20X250G;31/10/2023;30/10/2024;1.796,00;24,67;;
12211018-CAFE TM BRASILEIRO EF SPACK 10X500G;15/09/2023;14/09/2024;2.700,00;406,97;;
12211018-CAFE TM BRASILEIRO EF SPACK 10X500G;30/09/2023;29/09/2024;3.600,00;406,97;;
12211018-CAFE TM BRASILEIRO EF SPACK 10X500G;05/10/2023;04/10/2024;900,00;406,97;;
12211018-CAFE TM BRASILEIRO EF SPACK 10X500G;01/11/2023;31/10/2024;9,00;406,97;;
12211038-KIT CAFE TM BRAS EF VAC 2X500G;28/02/2023;28/08/2024;132,00;16,00;;
12211038-KIT CAFE TM BRAS EF VAC 2X500G;10/03/2023;07/09/2024;1.512,00;16,00;;
12211039-KIT CAFE TM BRAS TRAD VAC 2X500G;23/12/2022;22/06/2024;252,00;16,00;;
12211039-KIT CAFE TM BRAS TRAD VAC 2X500G;05/01/2023;05/07/2024;504,00;16,00;;
12211039-KIT CAFE TM BRAS TRAD VAC 2X500G;25/01/2023;25/07/2024;504,00;16,00;;
12211039-KIT CAFE TM BRAS TRAD VAC 2X500G;11/02/2023;11/08/2024;1.008,00;16,00;;
12214003-CAFE CAPP BRASILEIRO BAUN PT 12X400G;15/05/2023;14/05/2024;180,00;0,00;;
12214005-CAFE CAPP BRASILEIRO CHOC PT 12X400G;14/05/2023;13/05/2024;144,00;0,16;;
12214009-CAFE CAPP BRAS TRAD PT 24X200G;09/08/2023;08/08/2024;73,00;11,31;;
12214009-CAFE CAPP BRAS TRAD PT 24X200G;13/12/2023;12/12/2024;1.422,00;11,31;;
12214010-CAFE CAPP BRAS CHOC PT 24X200G;24/06/2023;23/06/2024;24,00;1,53;;
12214013-CAFE CAPP BRAS TRAD POTE 12X340G;29/07/2023;28/07/2024;480,00;0,00;;
12216001-CAFE C/LEIT BRAS LT 12X300G;27/06/2023;26/06/2024;1.344,00;0,00;;
12217400-FILTRO PAP BRASILEIRO 102/30 DES 40X30UN;25/08/2023;24/08/2026;2.594,00;1,28;;
12217401-FILTRO PAP BRASILEIRO 103/30 DES 40X30UN;11/06/2023;10/06/2026;850,00;2,23;;
12217401-FILTRO PAP BRASILEIRO 103/30 DES 40X30UN;25/08/2023;24/08/2026;2.000,00;2,23;;
12221000-CAFE TM 3 FAZENDAS ALM 20X250G;15/07/2023;14/07/2024;1.400,00;9,67;;
12221000-CAFE TM 3 FAZENDAS ALM 20X250G;04/08/2023;03/08/2024;1.050,00;9,67;;
12221000-CAFE TM 3 FAZENDAS ALM 20X250G;05/08/2023;04/08/2024;2.600,00;9,67;;
12221001-CAFE TM 3 FAZENDAS ALM 10X500G;21/09/2023;20/09/2024;1.200,00;70,33;;
12221001-CAFE TM 3 FAZENDAS ALM 10X500G;08/10/2023;07/10/2024;279,00;70,33;;
12221002-CAFE TM 3 FAZENDAS VAC 20X250G;17/04/2023;15/10/2024;1.460,00;4,61;;
12221003-CAFE TM 3 FAZENDAS VAC 10X500G;02/06/2023;30/11/2024;38,00;3,83;;
12221003-CAFE TM 3 FAZENDAS VAC 10X500G;05/01/2024;05/07/2025;300,00;3,83;;
12281007-CAPSULA CAFE BRASILEIRO ESPR 8X10X8G;16/09/2023;16/03/2025;772,00;2,50;;
20016650-FLOCAO MILHO D CLARA NOGM ALM 30X500G;29/12/2023;29/07/2024;390,00;7,00;;
20212000-CAFE SOL BRASILEIRO MOIDO VD 24X100G;04/12/2021;03/12/2024;5,00;0,00;;
20212002-CAFE SOL BRASILEIRO MOIDO REF 24X50G;30/05/2023;29/05/2025;216,00;2,40;;
20212002-CAFE SOL BRASILEIRO MOIDO REF 24X50G;21/06/2023;20/06/2025;216,00;2,40;;
20212002-CAFE SOL BRASILEIRO MOIDO REF 24X50G;24/08/2023;23/08/2025;1.726,00;2,40;;
20212002-CAFE SOL BRASILEIRO MOIDO REF 24X50G;11/10/2023;10/10/2025;2.640,00;2,40;;
20212003-CAFE SOL BRASILEIRO GRAN REF 24X50G;03/05/2023;02/05/2025;765,00;8,11;;
20212003-CAFE SOL BRASILEIRO GRAN REF 24X50G;31/10/2023;30/10/2025;2.640,00;8,11;;
20212003-CAFE SOL BRASILEIRO GRAN REF 24X50G;14/11/2023;13/11/2025;5.280,00;8,11;;
20902000-CAFE SOL 3C GRAN TRAD FC REF 24X50G;02/08/2023;01/08/2025;264,00;60,99;;
20902000-CAFE SOL 3C GRAN TRAD FC REF 24X50G;05/12/2023;04/12/2025;2.160,00;60,99;;
20902000-CAFE SOL 3C GRAN TRAD FC REF 24X50G;06/12/2023;05/12/2025;7,00;60,99;;
20902000-CAFE SOL 3C GRAN TRAD FC REF 24X50G;13/01/2024;12/01/2026;11.520,00;60,99;;
20902001-CAFE SOL 3C PO EF FC REF 24X50G;01/07/2023;30/06/2025;248,00;13,50;;
20902001-CAFE SOL 3C PO EF FC REF 24X50G;20/09/2023;19/09/2025;5.472,00;13,50;;
20908089-ACUCAR TRES REFIN STICK 1000X5G;01/08/2023;31/07/2025;11.999,00;3,33;;
20908090-ADOCANTE TRES SUCRA STICK 1000X800MG;12/06/2023;11/06/2026;19,00;0,16;;
20909010-ADOCANTE 3C INST SUCRA SACHE 1000X600MG;02/07/2023;01/07/2026;26,00;0,90;;
20909011-ACUCAR 3C INST REFIN SACHE 1008X5G;01/09/2023;31/08/2025;108,00;27,72;;
20909011-ACUCAR 3C INST REFIN SACHE 1008X5G;01/10/2023;30/09/2025;90,00;27,72;;
20909011-ACUCAR 3C INST REFIN SACHE 1008X5G;30/01/2024;29/01/2026;42,00;27,72;;
20911462-CAFE SOL 3C PO EF REF 24X40G;25/02/2023;24/02/2025;984,00;0,00;;
20911463-CAFE SOL GRAN 3C TRAD REF 24X40G;03/02/2023;02/02/2025;16.369,00;0,00;;
20911494-CAFE SOL GRAN 3C TRAD REF 12X40G;09/12/2023;08/12/2025;120,00;0,00;;
20911496-CAFE SOL 3C PO EF REF 12X40G;05/12/2023;04/12/2025;120,00;0,00;;